Workbook

Sheet Atrybuty
A1: Kod | B1: Tytuł | C1: Producent | D1: Dane producenta | E1: Stopień ochrony [IP] | F1: Długość [cm] | G1: Szerokość [cm] | H1: Wysokość [cm] | I1: Status | J1: Pewność | K1: Źródło danych
A2: AK-20109/INC | B2: Szyna PEN N-40 Incobex AK-20109 | C2: Incobex | D2: INCOBEX, Michała Grażyńskiego 71 43-300 Bielsko-Biała, office@incobex.pl | E2: Nie dotyczy | F2: =IF(Źródło!C2="","",Źródło!C2/10) | G2: =IF(Źródło!D2="","",Źródło!D2/10) | H2: =IF(Źródło!E2="","",Źródło!E2/10) | I2: DO_SPRAWDZENIA | J2: 0.5 | K2: Producent i dane producenta: dane podane przez użytkownika; Wymiary: brak produktu lub wymiarów w cenniku; Stopień ochrony: Klasyfikacja rodzaju produktu na podstawie tytułu
A3: AK-20111/INC | B3: Szyna PEN N-40 Incobex AK-20110 | C3: Incobex | D3: INCOBEX, Michała Grażyńskiego 71 43-300 Bielsko-Biała, office@incobex.pl | E3: Nie dotyczy | F3: =IF(Źródło!C3="","",Źródło!C3/10) | G3: =IF(Źródło!D3="","",Źródło!D3/10) | H3: =IF(Źródło!E3="","",Źródło!E3/10) | I3: DO_SPRAWDZENIA | J3: 0.5 | K3: Producent i dane producenta: dane podane przez użytkownika; Wymiary: brak produktu lub wymiarów w cenniku; Stopień ochrony: Klasyfikacja rodzaju produktu na podstawie tytułu
A4: AK-20113/INC | B4: Szyna PEN N-40 Incobex AK-20111 | C4: Incobex | D4: INCOBEX, Michała Grażyńskiego 71 43-300 Bielsko-Biała, office@incobex.pl | E4: Nie dotyczy | F4: =IF(Źródło!C4="","",Źródło!C4/10) | G4: =IF(Źródło!D4="","",Źródło!D4/10) | H4: =IF(Źródło!E4="","",Źródło!E4/10) | I4: DO_SPRAWDZENIA | J4: 0.5 | K4: Producent i dane producenta: dane podane przez użytkownika; Wymiary: brak produktu lub wymiarów w cenniku; Stopień ochrony: Klasyfikacja rodzaju produktu na podstawie tytułu
A5: INC-10080/INC | B5: Blacha montażowa BMN-26 do obudów STN-26 Incobex INC-10080 | C5: Incobex | D5: INCOBEX, Michała Grażyńskiego 71 43-300 Bielsko-Biała, office@incobex.pl | E5: Nie dotyczy | F5: =IF(Źródło!C5="","",Źródło!C5/10) -> 1 | G5: =IF(Źródło!D5="","",Źródło!D5/10) -> 11 | H5: =IF(Źródło!E5="","",Źródło!E5/10) -> 26 | I5: OK | J5: 1 | K5: Producent i dane producenta: dane podane przez użytkownika; Wymiary: Cennik ETIM Incobex LIPIEC 2026.xlsx, arkusz Cennik, wiersz 26; Stopień ochrony: Klasyfikacja rodzaju produktu na podstawie tytułu
A6: INC-10081/INC | B6: Blacha montażowa BMN-40 do obudów STN-40 Incobex INC-10081 | C6: Incobex | D6: INCOBEX, Michała Grażyńskiego 71 43-300 Bielsko-Biała, office@incobex.pl | E6: Nie dotyczy | F6: =IF(Źródło!C6="","",Źródło!C6/10) -> 1 | G6: =IF(Źródło!D6="","",Źródło!D6/10) -> 11 | H6: =IF(Źródło!E6="","",Źródło!E6/10) -> 40 | I6: OK | J6: 1 | K6: Producent i dane producenta: dane podane przez użytkownika; Wymiary: Cennik ETIM Incobex LIPIEC 2026.xlsx, arkusz Cennik, wiersz 27; Stopień ochrony: Klasyfikacja rodzaju produktu na podstawie tytułu
A7: INC-10082/INC | B7: Blacha montażowa BMN-53 do obudów STN-53 Incobex INC-10082 | C7: Incobex | D7: INCOBEX, Michała Grażyńskiego 71 43-300 Bielsko-Biała, office@incobex.pl | E7: Nie dotyczy | F7: =IF(Źródło!C7="","",Źródło!C7/10) -> 1 | G7: =IF(Źródło!D7="","",Źródło!D7/10) -> 11 | H7: =IF(Źródło!E7="","",Źródło!E7/10) -> 53 | I7: OK | J7: 1 | K7: Producent i dane producenta: dane podane przez użytkownika; Wymiary: Cennik ETIM Incobex LIPIEC 2026.xlsx, arkusz Cennik, wiersz 28; Stopień ochrony: Klasyfikacja rodzaju produktu na podstawie tytułu
A8: INC-10083/INC | B8: Blacha montażowa BMN-66 do obudów STN-66 Incobex INC-10083 | C8: Incobex | D8: INCOBEX, Michała Grażyńskiego 71 43-300 Bielsko-Biała, office@incobex.pl | E8: Nie dotyczy | F8: =IF(Źródło!C8="","",Źródło!C8/10) -> 1 | G8: =IF(Źródło!D8="","",Źródło!D8/10) -> 11 | H8: =IF(Źródło!E8="","",Źródło!E8/10) -> 66 | I8: OK | J8: 1 | K8: Producent i dane producenta: dane podane przez użytkownika; Wymiary: Cennik ETIM Incobex LIPIEC 2026.xlsx, arkusz Cennik, wiersz 29; Stopień ochrony: Klasyfikacja rodzaju produktu na podstawie tytułu
A9: INC-10084/INC | B9: Blacha montażowa BMN-80 do obudów STN-80 Incobex INC-10084 | C9: Incobex | D9: INCOBEX, Michała Grażyńskiego 71 43-300 Bielsko-Biała, office@incobex.pl | E9: Nie dotyczy | F9: =IF(Źródło!C9="","",Źródło!C9/10) -> 1 | G9: =IF(Źródło!D9="","",Źródło!D9/10) -> 11 | H9: =IF(Źródło!E9="","",Źródło!E9/10) -> 80 | I9: OK | J9: 1 | K9: Producent i dane producenta: dane podane przez użytkownika; Wymiary: Cennik ETIM Incobex LIPIEC 2026.xlsx, arkusz Cennik, wiersz 30; Stopień ochrony: Klasyfikacja rodzaju produktu na podstawie tytułu
A10: INC-00400/INC | B10: Wkładka do zamka WZ-KP 1333 z kluczem Incobex INC-00400 | C10: Incobex | D10: INCOBEX, Michała Grażyńskiego 71 43-300 Bielsko-Biała, office@incobex.pl | E10: Nie dotyczy | F10: =IF(Źródło!C10="","",Źródło!C10/10) -> 4 | G10: =IF(Źródło!D10="","",Źródło!D10/10) -> 3.3 | H10: =IF(Źródło!E10="","",Źródło!E10/10) -> 1.7 | I10: OK | J10: 1 | K10: Producent i dane producenta: dane podane przez użytkownika; Wymiary: Cennik ETIM Incobex LIPIEC 2026.xlsx, arkusz Cennik, wiersz 64; Stopień ochrony: Klasyfikacja rodzaju produktu na podstawie tytułu
A11: INC-10160N/INC | B11: Wkładka do zamka bębenkowa niepowtarzalna WRS-K Incobex INC-10160N | C11: Incobex | D11: INCOBEX, Michała Grażyńskiego 71 43-300 Bielsko-Biała, office@incobex.pl | E11: Nie dotyczy | F11: =IF(Źródło!C11="","",Źródło!C11/10) -> 4 | G11: =IF(Źródło!D11="","",Źródło!D11/10) -> 3.3 | H11: =IF(Źródło!E11="","",Źródło!E11/10) -> 1.7 | I11: OK | J11: 1 | K11: Producent i dane producenta: dane podane przez użytkownika; Wymiary: Cennik ETIM Incobex LIPIEC 2026.xlsx, arkusz Cennik, wiersz 57; Stopień ochrony: Klasyfikacja rodzaju produktu na podstawie tytułu
A12: INC-10160P/INC | B12: Wkładka do zamka powtarzalna 32288 WRS-K Incobex INC-10160P | C12: Incobex | D12: INCOBEX, Michała Grażyńskiego 71 43-300 Bielsko-Biała, office@incobex.pl | E12: Nie dotyczy | F12: =IF(Źródło!C12="","",Źródło!C12/10) -> 4 | G12: =IF(Źródło!D12="","",Źródło!D12/10) -> 3.3 | H12: =IF(Źródło!E12="","",Źródło!E12/10) -> 1.7 | I12: OK | J12: 1 | K12: Producent i dane producenta: dane podane przez użytkownika; Wymiary: Cennik ETIM Incobex LIPIEC 2026.xlsx, arkusz Cennik, wiersz 56; Stopień ochrony: Klasyfikacja rodzaju produktu na podstawie tytułu
A13: INC-20250/INC | B13: Płyta izolacyjna gr. 4mm PMN 23x36 do obudowy STN Incobex INC-20250 | C13: Incobex | D13: INCOBEX, Michała Grażyńskiego 71 43-300 Bielsko-Biała, office@incobex.pl | E13: Nie dotyczy | F13: =IF(Źródło!C13="","",Źródło!C13/10) -> 0.4 | G13: =IF(Źródło!D13="","",Źródło!D13/10) -> 36 | H13: =IF(Źródło!E13="","",Źródło!E13/10) -> 23 | I13: OK | J13: 1 | K13: Producent i dane producenta: dane podane przez użytkownika; Wymiary: Cennik ETIM Incobex LIPIEC 2026.xlsx, arkusz Cennik, wiersz 86; Stopień ochrony: Klasyfikacja rodzaju produktu na podstawie tytułu
... A59: W6020-0225-003/INC | B59: Rozdielnica budowlana 4x230V+1x32A/5+1x16A/5 Incobex W6020-0225-003 | C59: Incobex | D59: INCOBEX, Michała Grażyńskiego 71 43-300 Bielsko-Biała, office@incobex.pl | E59: IP44 | F59: =IF(Źródło!C59="","",Źródło!C59/10) | G59: =IF(Źródło!D59="","",Źródło!D59/10) | H59: =IF(Źródło!E59="","",Źródło!E59/10) | I59: DO_SPRAWDZENIA | J59: 0.5 | K59: Producent i dane producenta: dane podane przez użytkownika; Wymiary: brak produktu lub wymiarów w cenniku; Stopień ochrony: https://incobex.pl/oferta/rozdzielnice-niskiego-napiecia

Sheet Źródło
A1: Kod | B1: Status dopasowania w cenniku | C1: Długość źródłowa [mm] | D1: Szerokość źródłowa [mm] | E1: Wysokość źródłowa [mm] | F1: Wiersz w cenniku | G1: Reguła stopnia ochrony | H1: Źródło stopnia ochrony
A2: AK-20109/INC | B2: DO_SPRAWDZENIA | G2: Nie dotyczy dla elementu pomocniczego lub fundamentu | H2: Klasyfikacja rodzaju produktu na podstawie tytułu
A3: AK-20111/INC | B3: DO_SPRAWDZENIA | G3: Nie dotyczy dla elementu pomocniczego lub fundamentu | H3: Klasyfikacja rodzaju produktu na podstawie tytułu
A4: AK-20113/INC | B4: DO_SPRAWDZENIA | G4: Nie dotyczy dla elementu pomocniczego lub fundamentu | H4: Klasyfikacja rodzaju produktu na podstawie tytułu
A5: INC-10080/INC | B5: OK | C5: 10 | D5: 110 | E5: 260 | F5: 26 | G5: Nie dotyczy dla elementu pomocniczego lub fundamentu | H5: Klasyfikacja rodzaju produktu na podstawie tytułu
A6: INC-10081/INC | B6: OK | C6: 10 | D6: 110 | E6: 400 | F6: 27 | G6: Nie dotyczy dla elementu pomocniczego lub fundamentu | H6: Klasyfikacja rodzaju produktu na podstawie tytułu
A7: INC-10082/INC | B7: OK | C7: 10 | D7: 110 | E7: 530 | F7: 28 | G7: Nie dotyczy dla elementu pomocniczego lub fundamentu | H7: Klasyfikacja rodzaju produktu na podstawie tytułu
A8: INC-10083/INC | B8: OK | C8: 10 | D8: 110 | E8: 660 | F8: 29 | G8: Nie dotyczy dla elementu pomocniczego lub fundamentu | H8: Klasyfikacja rodzaju produktu na podstawie tytułu
A9: INC-10084/INC | B9: OK | C9: 10 | D9: 110 | E9: 800 | F9: 30 | G9: Nie dotyczy dla elementu pomocniczego lub fundamentu | H9: Klasyfikacja rodzaju produktu na podstawie tytułu
A10: INC-00400/INC | B10: OK | C10: 40 | D10: 33 | E10: 17 | F10: 64 | G10: Nie dotyczy dla elementu pomocniczego lub fundamentu | H10: Klasyfikacja rodzaju produktu na podstawie tytułu
A11: INC-10160N/INC | B11: OK | C11: 40 | D11: 33 | E11: 17 | F11: 57 | G11: Nie dotyczy dla elementu pomocniczego lub fundamentu | H11: Klasyfikacja rodzaju produktu na podstawie tytułu
A12: INC-10160P/INC | B12: OK | C12: 40 | D12: 33 | E12: 17 | F12: 56 | G12: Nie dotyczy dla elementu pomocniczego lub fundamentu | H12: Klasyfikacja rodzaju produktu na podstawie tytułu
A13: INC-20250/INC | B13: OK | C13: 4 | D13: 360 | E13: 230 | F13: 86 | G13: Nie dotyczy dla elementu pomocniczego lub fundamentu | H13: Klasyfikacja rodzaju produktu na podstawie tytułu
A14: INC-20251/INC | B14: OK | C14: 4 | D14: 520 | E14: 230 | F14: 87 | G14: Nie dotyczy dla elementu pomocniczego lub fundamentu | H14: Klasyfikacja rodzaju produktu na podstawie tytułu
A15: INC-20252/INC | B15: OK | C15: 4 | D15: 360 | E15: 370 | F15: 89 | G15: Nie dotyczy dla elementu pomocniczego lub fundamentu | H15: Klasyfikacja rodzaju produktu na podstawie tytułu
A16: INC-20253/INC | B16: OK | C16: 4 | D16: 520 | E16: 370 | F16: 91 | G16: Nie dotyczy dla elementu pomocniczego lub fundamentu | H16: Klasyfikacja rodzaju produktu na podstawie tytułu
... A55: ION-54301-01-000/INC | B55: OK | C55: 320 | D55: 800 | E55: 850 | F55: 2222 | G55: Nie dotyczy dla elementu pomocniczego lub fundamentu | H55: Klasyfikacja rodzaju produktu na podstawie tytułu
A56: P4019-11-1-0/INC | B56: DO_SPRAWDZENIA | G56: IP44 — podstawowy stopień ochrony rozdzielnicy przy zamkniętych drzwiach; możliwe wykonania IP54 | H56: https://incobex.pl/oferta/rozdzielnice-niskiego-napiecia
A57: R6E33-0001-001/INC | B57: DO_SPRAWDZENIA | G57: IP44 — podstawowy stopień ochrony rozdzielnicy przy zamkniętych drzwiach; możliwe wykonania IP54 | H57: https://incobex.pl/oferta/rozdzielnice-niskiego-napiecia
A58: R6E43-0002-001 | B58: DO_SPRAWDZENIA | G58: IP44 — podstawowy stopień ochrony rozdzielnicy przy zamkniętych drzwiach; możliwe wykonania IP54 | H58: https://incobex.pl/oferta/rozdzielnice-niskiego-napiecia
A59: W6020-0225-003/INC | B59: DO_SPRAWDZENIA | G59: IP44 — podstawowy stopień ochrony rozdzielnicy przy zamkniętych drzwiach; możliwe wykonania IP54 | H59: https://incobex.pl/oferta/rozdzielnice-niskiego-napiecia

Sheet Opisy
A1: Kod | B1: Tytuł | C1: Fraza kluczowa | D1: Opis HTML | E1: Znaki widoczne | F1: Wystąpienia frazy | G1: Status opisu | H1: Uwagi
A2: AK-20109/INC | B2: Szyna PEN N-40 Incobex AK-20109 | C2: Szyna PEN N-40 | D2: <p><strong>Szyna PEN N-40 Incobex AK-20109</strong> jest elementem przeznaczonym do wykonywania połączeń przewodów ochronno-neutralnych w obrębie odpowiednio zaprojektowanej instalacji. Oznaczenie N-40 pozwala jednoznacznie rozpoznać wariant podczas kompletowania wyposażenia. Produkt należy dobierać na podstawie dokumentacji rozdzielnicy oraz wymaganej konfiguracji przewodów.</p> <h2>Szyna PEN N-40 — gdzie pasuje ten wariant?</h2> <p><strong>Szyna PEN N-40</strong> służy jako uporządkowany punkt połączeniowy dla przewodów PEN. W praktyce pomaga zgromadzić właściwe połączenia w jednym miejscu, jednak sposób montażu i obciążalność muszą wynikać z projektu oraz danych technicznych całego zestawu. Kod AK-20109 ułatwia zamówienie dokładnie tej pozycji bez mylenia jej z podobnymi wariantami.</p> <h3>Najważniejsze zalety</h3> <ul> <li>jednoznaczne oznaczenie N-40 przydatne podczas kompletowania wyposażenia,</li> <li>przeznaczenie do połączeń ochronno-neutralnych w instalacji,</li> <li>kod AK-20109 pozwalający zweryfikować zgodność zamawianej części,</li> <li>produkt marki Incobex przeznaczony do profesjonalnego doboru instalacyjnego.</li> </ul> <h3>Specyfikacja techniczna</h3> <ul> <li><strong>Typ produktu:</strong> szyna PEN</li> <li><strong>Oznaczenie:</strong> N-40</li> <li><strong>Kod produktu:</strong> AK-20109/INC</li> <li><strong>Producent:</strong> Incobex</li> <li><strong>Stopień ochrony:</strong> nie dotyczy samodzielnego elementu</li> <li><strong>Wymiary:</strong> brak danych w dostępnym cenniku — wymagają potwierdzenia</li> </ul> <h3>Najczęstsze pytania</h3> <p><strong>Czy jest to kompletna rozdzielnica?</strong><br>Nie. Jest to szyna połączeniowa, którą dobiera się jako element wyposażenia instalacji.</p> <p><strong>Czy można określić jej wymiary na podstawie nazwy?</strong><br>Nie. Wymiary nie zostały potwierdzone w udostępnionych danych i przed zakupem należy je sprawdzić w dokumentacji producenta.</p> <p><strong>Co zweryfikować przed montażem?</strong><br>Należy sprawdzić projekt połączeń, wymagany wariant szyny oraz zgodność kodu AK-20109.</p> <p>Ten wariant warto wybrać wtedy, gdy dokumentacja instalacji wskazuje szynę N-40 o kodzie AK-20109. Przed zamówieniem potwierdź wymiary oraz szczegółowe parametry montażowe.</p> <script type="application/ld+json"> { "@context": "https://schema.org", "@type": "FAQPage", "mainEntity": [ { "@type": "Question", "name": "Czy jest to kompletna rozdzielnica?", "acceptedAnswer": { "@type": "Answer", "text": "Nie. Jest to szyna połączeniowa, którą dobiera się jako element wyposażenia instalacji." } }, { "@type": "Question", "name": "Czy można określić jej wymiary na podstawie nazwy?", "acceptedAnswer": { "@type": "Answer", "text": "Nie. Wymiary nie zostały potwierdzone w udostępnionych danych i przed zakupem należy je sprawdzić w dokumentacji producenta." } }, { "@type": "Question", "name": "Co zweryfikować przed montażem?", "acceptedAnswer": { "@type": "Answer", "text": "Należy sprawdzić projekt połączeń, wymagany wariant szyny oraz zgodność kodu AK-20109." } } ] } </script> | E2: 1883 | F2: 3 | G2: DO_WERYFIKACJI | H2: Opis zgodny ze strukturą i regułami frazy. Dane źródłowe nie zawierają potwierdzonych wymiarów lub wymagają kontroli kodu.
A3: AK-20111/INC | B3: Szyna PEN N-40 Incobex AK-20110 | C3: Szyna PEN N-40 | D3: <p><strong>Szyna PEN N-40 Incobex AK-20110</strong> jest przeznaczona do tworzenia punktu połączeń ochronno-neutralnych w odpowiednio dobranym układzie elektrycznym. Wariant rozpoznaje się po oznaczeniu N-40 oraz kodzie widocznym w tytule produktu. Ponieważ w udostępnionym cenniku nie ma potwierdzonych wymiarów tej pozycji, szczegóły montażowe trzeba sprawdzić przed zamówieniem.</p> <h2>Szyna PEN N-40 — jak dobrać właściwy wariant?</h2> <p><strong>Szyna PEN N-40</strong> powinna odpowiadać projektowi rozdziału przewodów oraz konstrukcji urządzenia, w którym będzie zamontowana. Jej zadaniem jest zapewnienie wyznaczonego miejsca dla właściwych połączeń, ale sama nazwa nie określa liczby zacisków ani dopuszczalnych przekrojów przewodów. Przy zakupie należy więc posługiwać się pełnym oznaczeniem i dokumentacją techniczną.</p> <h3>Najważniejsze zalety</h3> <ul> <li>czytelne oznaczenie wariantu N-40,</li> <li>funkcja punktu połączeniowego przewodów ochronno-neutralnych,</li> <li>pełne oznaczenie produktu ograniczające ryzyko pomyłki przy zamówieniu,</li> <li>możliwość dobrania części do konkretnego projektu instalacji.</li> </ul> <h3>Specyfikacja techniczna</h3> <ul> <li><strong>Rodzaj:</strong> szyna PEN</li> <li><strong>Wariant:</strong> N-40</li> <li><strong>Kod z listy:</strong> AK-20111/INC</li> <li><strong>Kod w tytule:</strong> AK-20110</li> <li><strong>Marka:</strong> Incobex</li> <li><strong>Wymiary:</strong> niepotwierdzone w dostępnym źródle</li> </ul> <h3>Najczęstsze pytania</h3> <p><strong>Dlaczego widoczne są dwa różne kody?</strong><br>Lista zawiera kod AK-20111/INC, natomiast tytuł wskazuje AK-20110. Rozbieżność wymaga sprawdzenia przed publikacją lub zakupem.</p> <p><strong>Czy stopień IP odnosi się do tej części?</strong><br>Nie przypisuje się go samodzielnej szynie; ochronę ocenia się dla kompletnej obudowy lub urządzenia.</p> <p><strong>Jak uniknąć zakupu niewłaściwego wariantu?</strong><br>Trzeba porównać kod, oznaczenie N-40 i wymagania projektu z kartą producenta.</p> <p>Pozycja jest odpowiednia dla zamówienia wymagającego wariantu N-40, ale z uwagi na rozbieżność kodów powinna zostać zatwierdzona ręcznie. Potwierdź także wymiary i szczegóły przyłączeniowe.</p> <script type="application/ld+json"> { "@context": "https://schema.org", "@type": "FAQPage", "mainEntity": [ { "@type": "Question", "name": "Dlaczego widoczne są dwa różne kody?", "acceptedAnswer": { "@type": "Answer", "text": "Lista zawiera kod AK-20111/INC, natomiast tytuł wskazuje AK-20110. Rozbieżność wymaga sprawdzenia przed publikacją lub zakupem." } }, { "@type": "Question", "name": "Czy stopień IP odnosi się do tej części?", "acceptedAnswer": { "@type": "Answer", "text": "Nie przypisuje się go samodzielnej szynie; ochronę ocenia się dla kompletnej obudowy lub urządzenia." } }, { "@type": "Question", "name": "Jak uniknąć zakupu niewłaściwego wariantu?", "acceptedAnswer": { "@type": "Answer", "text": "Trzeba porównać kod, oznaczenie N-40 i wymagania projektu z kartą producenta." } } ] } </script> | E3: 1830 | F3: 3 | G3: DO_WERYFIKACJI | H3: Opis zgodny ze strukturą i regułami frazy. Dane źródłowe nie zawierają potwierdzonych wymiarów lub wymagają kontroli kodu.
A4: AK-20113/INC | B4: Szyna PEN N-40 Incobex AK-20111 | C4: Szyna PEN N-40 | D4: <p><strong>Szyna PEN N-40 Incobex AK-20111</strong> jest komponentem instalacyjnym służącym do realizacji połączeń przewodów PEN w ramach kompletnego układu. Oznaczenie N-40 identyfikuje rodzinę części, natomiast kod pozwala odróżnić konkretną pozycję podczas przygotowania zamówienia. Parametry niewymienione w zestawieniu, w tym wymiary, powinny zostać potwierdzone w dokumentacji.</p> <h2>Szyna PEN N-40 — co sprawdzić przed zakupem?</h2> <p><strong>Szyna PEN N-40</strong> musi pasować do sposobu wykonania połączeń przewidzianego przez projektanta. Nie należy wnioskować z samej nazwy o liczbie przyłączy, przekrojach przewodów ani obciążalności, ponieważ takich informacji nie ma w danych źródłowych. Najbezpieczniejszą podstawą doboru pozostaje pełny kod producenta oraz rysunek techniczny urządzenia.</p> <h3>Najważniejsze zalety</h3> <ul> <li>wyraźnie określony rodzaj elementu: szyna PEN,</li> <li>oznaczenie N-40 pomocne przy identyfikacji wariantu,</li> <li>zastosowanie jako część uporządkowanego układu połączeń,</li> <li>możliwość weryfikacji pozycji na podstawie kodu producenta.</li> </ul> <h3>Specyfikacja techniczna</h3> <ul> <li><strong>Produkt:</strong> szyna ochronno-neutralna PEN</li> <li><strong>Oznaczenie:</strong> N-40</li> <li><strong>Kod z listy:</strong> AK-20113/INC</li> <li><strong>Kod podany w nazwie:</strong> AK-20111</li> <li><strong>Producent:</strong> Incobex</li> <li><strong>Dane wymiarowe:</strong> do potwierdzenia</li> </ul> <h3>Najczęstsze pytania</h3> <p><strong>Czy ten element ma własną klasę szczelności?</strong><br>Nie. Stopień ochrony dotyczy kompletnego rozwiązania obudowy, a nie samej szyny.</p> <p><strong>Czy kod w tytule zgadza się z kodem pozycji?</strong><br>Nie. W tytule występuje AK-20111, a w kolumnie kod AK-20113/INC, dlatego produkt wymaga identyfikacji.</p> <p><strong>Jakie dane są potrzebne do doboru?</strong><br>Potrzebne są wymagania projektu, sposób mocowania, dane przyłączeniowe oraz potwierdzony kod.</p> <p>Wybierz tę pozycję dopiero po potwierdzeniu, że wskazany wariant N-40 odpowiada dokumentacji instalacji. Ręczna kontrola kodu i wymiarów pozwoli uniknąć zamówienia innej części.</p> <script type="application/ld+json"> { "@context": "https://schema.org", "@type": "FAQPage", "mainEntity": [ { "@type": "Question", "name": "Czy ten element ma własną klasę szczelności?", "acceptedAnswer": { "@type": "Answer", "text": "Nie. Stopień ochrony dotyczy kompletnego rozwiązania obudowy, a nie samej szyny." } }, { "@type": "Question", "name": "Czy kod w tytule zgadza się z kodem pozycji?", "acceptedAnswer": { "@type": "Answer", "text": "Nie. W tytule występuje AK-20111, a w kolumnie kod AK-20113/INC, dlatego produkt wymaga identyfikacji." } }, { "@type": "Question", "name": "Jakie dane są potrzebne do doboru?", "acceptedAnswer": { "@type": "Answer", "text": "Potrzebne są wymagania projektu, sposób mocowania, dane przyłączeniowe oraz potwierdzony kod." } } ] } </script> | E4: 1781 | F4: 3 | G4: DO_WERYFIKACJI | H4: Opis zgodny ze strukturą i regułami frazy. Dane źródłowe nie zawierają potwierdzonych wymiarów lub wymagają kontroli kodu.
A5: INC-10080/INC | B5: Blacha montażowa BMN-26 do obudów STN-26 Incobex INC-10080 | C5: Blacha montażowa BMN-26 | D5: <p><strong>Blacha montażowa BMN-26 do obudów STN-26 Incobex INC-10080</strong> jest elementem przeznaczonym do przygotowania powierzchni montażowej wewnątrz zgodnej obudowy. Wariant BMN-26 wskazuje dopasowanie do obudów STN-26. Wymiary 1 × 11 × 26 cm pozwalają wcześniej ocenić miejsce potrzebne na część.</p> <h2>Do czego służy blacha montażowa BMN-26?</h2> <p><strong>Blacha montażowa BMN-26</strong> tworzy bazę, na której można rozplanować aparaturę zgodnie z projektem rozdzielnicy. Oddzielenie wyposażenia od ścian obudowy ułatwia organizację wnętrza, lecz rozmieszczenie otworów i sposób mocowania należy dobrać do konkretnych urządzeń. Przed instalacją warto porównać oznaczenie STN-26 oraz komplet wymiarów.</p> <h3>Najważniejsze zalety</h3> <ul> <li>przeznaczenie do obudów STN-26,</li> <li>wydzielona powierzchnia do montażu wyposażenia,</li> <li>kompaktowe wymiary ułatwiające kontrolę przestrzeni,</li> <li>kod INC-10080 umożliwiający precyzyjne zamówienie wariantu.</li> </ul> <h3>Specyfikacja techniczna</h3> <ul> <li><strong>Typ:</strong> blacha montażowa</li> <li><strong>Model:</strong> BMN-26</li> <li><strong>Kompatybilność:</strong> obudowy STN-26</li> <li><strong>Długość:</strong> 1 cm</li> <li><strong>Szerokość:</strong> 11 cm</li> <li><strong>Wysokość:</strong> 26 cm</li> <li><strong>Producent:</strong> Incobex</li> </ul> <h3>Najczęstsze pytania</h3> <p><strong>Czy blacha jest samodzielną obudową?</strong><br>Nie. To element montażowy przeznaczony do wnętrza zgodnej obudowy STN-26.</p> <p><strong>Czy ma własny stopień IP?</strong><br>Nie. Stopień ochrony określa się dla kompletnej, prawidłowo zmontowanej obudowy.</p> <p><strong>Co zmierzyć przed montażem?</strong><br>Należy sprawdzić dostępną przestrzeń, położenie mocowań oraz gabaryty instalowanej aparatury.</p> <p>BMN-26 jest właściwym wyborem, gdy projekt przewiduje blachę do obudowy STN-26 i podane wymiary odpowiadają planowanemu wyposażeniu. Przed zakupem zestaw oznaczenia obu elementów.</p> <script type="application/ld+json"> { "@context": "https://schema.org", "@type": "FAQPage", "mainEntity": [ { "@type": "Question", "name": "Czy blacha jest samodzielną obudową?", "acceptedAnswer": { "@type": "Answer", "text": "Nie. To element montażowy przeznaczony do wnętrza zgodnej obudowy STN-26." } }, { "@type": "Question", "name": "Czy ma własny stopień IP?", "acceptedAnswer": { "@type": "Answer", "text": "Nie. Stopień ochrony określa się dla kompletnej, prawidłowo zmontowanej obudowy." } }, { "@type": "Question", "name": "Co zmierzyć przed montażem?", "acceptedAnswer": { "@type": "Answer", "text": "Należy sprawdzić dostępną przestrzeń, położenie mocowań oraz gabaryty instalowanej aparatury." } } ] } </script> | E5: 1574 | F5: 3 | G5: OK | H5: Opis zgodny ze strukturą i regułami frazy. Atrybuty źródłowe oznaczone jako OK.
A6: INC-10081/INC | B6: Blacha montażowa BMN-40 do obudów STN-40 Incobex INC-10081 | C6: Blacha montażowa BMN-40 | D6: <p><strong>Blacha montażowa BMN-40 do obudów STN-40 Incobex INC-10081</strong> stanowi wewnętrzny element montażowy dla odpowiednio dobranej obudowy STN-40. Jej powierzchnia pozwala zaplanować rozmieszczenie aparatury bez przypisywania urządzeń bezpośrednio do ścian obudowy. Gabaryty części wynoszą 1 cm długości, 11 cm szerokości i 40 cm wysokości.</p> <h2>Blacha montażowa BMN-40 — jak dobrać właściwy wariant?</h2> <p><strong>Blacha montażowa BMN-40</strong> jest punktem wyjścia do uporządkowanego ułożenia wyposażenia przewidzianego w projekcie. Wyższy format 40 cm daje inną przestrzeń roboczą niż wariant BMN-26, dlatego nie należy zamieniać modeli wyłącznie na podstawie podobnej nazwy. Zgodność należy potwierdzić oznaczeniem STN-40 i kodem INC-10081.</p> <h3>Najważniejsze zalety</h3> <ul> <li>dedykowanie do rodziny obudów STN-40,</li> <li>jasno określone wymiary pomocne przy projektowaniu wnętrza,</li> <li>oddzielna powierzchnia przeznaczona do mocowania aparatury,</li> <li>oznaczenie BMN-40 ułatwiające dobór właściwego formatu.</li> </ul> <h3>Specyfikacja techniczna</h3> <ul> <li><strong>Rodzaj elementu:</strong> blacha montażowa</li> <li><strong>Oznaczenie:</strong> BMN-40</li> <li><strong>Do obudów:</strong> STN-40</li> <li><strong>Wymiary (dł. × szer. × wys.):</strong> 1 × 11 × 40 cm</li> <li><strong>Kod:</strong> INC-10081/INC</li> <li><strong>Marka:</strong> Incobex</li> </ul> <h3>Najczęstsze pytania</h3> <p><strong>Czy można zastosować ją w STN-26?</strong><br>Dane wskazują przeznaczenie do STN-40, dlatego inny rozmiar wymaga osobnego potwierdzenia producenta.</p> <p><strong>Jak interpretować 1 cm długości?</strong><br>Jest to jeden z trzech wymiarów podanych w cenniku; przy montażu należy odnieść go do rysunku technicznego.</p> <p><strong>Czy aparatura jest w zestawie?</strong><br>Nie wynika to z nazwy ani danych. Produkt opisano jako samą blachę montażową.</p> <p>Ten model wybierz do projektu opartego na obudowie STN-40, jeśli format 1 × 11 × 40 cm zapewnia wymaganą powierzchnię. Sprawdź również rozmieszczenie punktów mocowania.</p> <script type="application/ld+json"> { "@context": "https://schema.org", "@type": "FAQPage", "mainEntity": [ { "@type": "Question", "name": "Czy można zastosować ją w STN-26?", "acceptedAnswer": { "@type": "Answer", "text": "Dane wskazują przeznaczenie do STN-40, dlatego inny rozmiar wymaga osobnego potwierdzenia producenta." } }, { "@type": "Question", "name": "Jak interpretować 1 cm długości?", "acceptedAnswer": { "@type": "Answer", "text": "Jest to jeden z trzech wymiarów podanych w cenniku; przy montażu należy odnieść go do rysunku technicznego." } }, { "@type": "Question", "name": "Czy aparatura jest w zestawie?", "acceptedAnswer": { "@type": "Answer", "text": "Nie wynika to z nazwy ani danych. Produkt opisano jako samą blachę montażową." } } ] } </script> | E6: 1692 | F6: 3 | G6: OK | H6: Opis zgodny ze strukturą i regułami frazy. Atrybuty źródłowe oznaczone jako OK.
A7: INC-10082/INC | B7: Blacha montażowa BMN-53 do obudów STN-53 Incobex INC-10082 | C7: Blacha montażowa BMN-53 | D7: <p><strong>Blacha montażowa BMN-53 do obudów STN-53 Incobex INC-10082</strong> jest przygotowana jako podstawa do mocowania wyposażenia w obudowie o zgodnym oznaczeniu. Wysokość 53 cm odróżnia ją od mniejszych wersji tej rodziny. Pozostałe wymiary wynoszą 1 cm i 11 cm, co warto uwzględnić przy planowaniu głębokości oraz układu aparatury.</p> <h2>Blacha montażowa BMN-53 — kiedy wybrać ten wariant?</h2> <p><strong>Blacha montażowa BMN-53</strong> sprawdzi się wtedy, gdy konstrukcja rozdzielnicy opiera się na obudowie STN-53 i wymaga wewnętrznej powierzchni montażowej. Element pozwala przenieść plan aparatury na wydzieloną płaszczyznę, ale nie przesądza o rozmieszczeniu konkretnych urządzeń. Układ mocowań musi być zgodny z projektem i rysunkiem technicznym.</p> <h3>Najważniejsze zalety</h3> <ul> <li>format odpowiadający obudowie STN-53,</li> <li>wysokość 53 cm dająca miejsce na zaplanowany układ elementów,</li> <li>czytelny model BMN-53 do identyfikacji części,</li> <li>możliwość wcześniejszego zweryfikowania gabarytów w projekcie.</li> </ul> <h3>Specyfikacja techniczna</h3> <ul> <li><strong>Typ produktu:</strong> blacha montażowa</li> <li><strong>Model:</strong> BMN-53</li> <li><strong>Przeznaczenie:</strong> obudowa STN-53</li> <li><strong>Długość:</strong> 1 cm</li> <li><strong>Szerokość:</strong> 11 cm</li> <li><strong>Wysokość:</strong> 53 cm</li> <li><strong>Producent:</strong> Incobex</li> </ul> <h3>Najczęstsze pytania</h3> <p><strong>Czy stopień ochrony IP dotyczy tej blachy?</strong><br>Nie. Ochronę IP określa się dla zamkniętej obudowy, a blacha jest jej elementem wewnętrznym.</p> <p><strong>Czy wymiary wystarczą do doboru?</strong><br>Trzeba także potwierdzić zgodność modelu, punkty mocowania oraz planowaną aparaturę.</p> <p><strong>Jak rozpoznać odpowiedni wariant?</strong><br>Należy szukać oznaczeń BMN-53, STN-53 i kodu INC-10082.</p> <p>Wariant BMN-53 wybierz do zgodnej obudowy STN-53 po sprawdzeniu, że jego wymiary i mocowania odpowiadają projektowi. Taki dobór ogranicza ryzyko przeróbek podczas montażu.</p> <script type="application/ld+json"> { "@context": "https://schema.org", "@type": "FAQPage", "mainEntity": [ { "@type": "Question", "name": "Czy stopień ochrony IP dotyczy tej blachy?", "acceptedAnswer": { "@type": "Answer", "text": "Nie. Ochronę IP określa się dla zamkniętej obudowy, a blacha jest jej elementem wewnętrznym." } }, { "@type": "Question", "name": "Czy wymiary wystarczą do doboru?", "acceptedAnswer": { "@type": "Answer", "text": "Trzeba także potwierdzić zgodność modelu, punkty mocowania oraz planowaną aparaturę." } }, { "@type": "Question", "name": "Jak rozpoznać odpowiedni wariant?", "acceptedAnswer": { "@type": "Answer", "text": "Należy szukać oznaczeń BMN-53, STN-53 i kodu INC-10082." } } ] } </script> | E7: 1643 | F7: 3 | G7: OK | H7: Opis zgodny ze strukturą i regułami frazy. Atrybuty źródłowe oznaczone jako OK.
A8: INC-10083/INC | B8: Blacha montażowa BMN-66 do obudów STN-66 Incobex INC-10083 | C8: Blacha montażowa BMN-66 | D8: <p><strong>Blacha montażowa BMN-66 do obudów STN-66 Incobex INC-10083</strong> zapewnia powierzchnię roboczą przeznaczoną do rozmieszczenia elementów wewnątrz zgodnej obudowy. Wysokość 66 cm wskazuje większy wariant w rodzinie BMN. Przed montażem należy zestawić wymiary 1 × 11 × 66 cm z projektem i rzeczywistym układem wnętrza.</p> <h2>Co daje blacha montażowa BMN-66 w obudowie?</h2> <p><strong>Blacha montażowa BMN-66</strong> pozwala zaplanować położenie aparatury na oddzielnym elemencie konstrukcyjnym. Ułatwia to przygotowanie logicznego układu, jednak rozstaw urządzeń, przewodów i wymagane odstępy pozostają częścią projektu elektrycznego. Model należy stosować w obudowie STN-66 lub w innym rozwiązaniu wyraźnie zatwierdzonym przez producenta.</p> <h3>Najważniejsze zalety</h3> <ul> <li>powierzchnia montażowa przeznaczona dla formatu STN-66,</li> <li>wysokość 66 cm odpowiednia dla większego układu wyposażenia,</li> <li>jednoznaczny kod INC-10083 do kontroli zamówienia,</li> <li>znane gabaryty wspierające przygotowanie dokumentacji montażowej.</li> </ul> <h3>Specyfikacja techniczna</h3> <ul> <li><strong>Element:</strong> blacha montażowa</li> <li><strong>Wariant:</strong> BMN-66</li> <li><strong>Kompatybilna rodzina:</strong> STN-66</li> <li><strong>Wymiar całkowity:</strong> 1 × 11 × 66 cm</li> <li><strong>Numer produktu:</strong> INC-10083/INC</li> <li><strong>Producent:</strong> Incobex</li> </ul> <h3>Najczęstsze pytania</h3> <p><strong>Czy blachę można docinać?</strong><br>Dostępne dane tego nie określają. Wszelkie modyfikacje należy uzgodnić z dokumentacją i wymaganiami projektu.</p> <p><strong>Co oznacza BMN-66?</strong><br>To oznaczenie wariantu blachy przeznaczonego do obudów STN-66.</p> <p><strong>Czy produkt obejmuje elementy mocujące?</strong><br>Nie ma takiej informacji w danych, dlatego zawartość zestawu trzeba potwierdzić przed zakupem.</p> <p>BMN-66 będzie dobrym wyborem, gdy potrzebna jest blacha o wysokości 66 cm do obudowy STN-66. Przed realizacją zamówienia sprawdź rysunek części i sposób jej zamocowania.</p> <script type="application/ld+json"> { "@context": "https://schema.org", "@type": "FAQPage", "mainEntity": [ { "@type": "Question", "name": "Czy blachę można docinać?", "acceptedAnswer": { "@type": "Answer", "text": "Dostępne dane tego nie określają. Wszelkie modyfikacje należy uzgodnić z dokumentacją i wymaganiami projektu." } }, { "@type": "Question", "name": "Co oznacza BMN-66?", "acceptedAnswer": { "@type": "Answer", "text": "To oznaczenie wariantu blachy przeznaczonego do obudów STN-66." } }, { "@type": "Question", "name": "Czy produkt obejmuje elementy mocujące?", "acceptedAnswer": { "@type": "Answer", "text": "Nie ma takiej informacji w danych, dlatego zawartość zestawu trzeba potwierdzić przed zakupem." } } ] } </script> | E8: 1676 | F8: 3 | G8: OK | H8: Opis zgodny ze strukturą i regułami frazy. Atrybuty źródłowe oznaczone jako OK.
A9: INC-10084/INC | B9: Blacha montażowa BMN-80 do obudów STN-80 Incobex INC-10084 | C9: Blacha montażowa BMN-80 | D9: <p><strong>Blacha montażowa BMN-80 do obudów STN-80 Incobex INC-10084</strong> jest największym z wymienionych wariantów BMN i służy do przygotowania pola montażowego w zgodnej obudowie. Jej wysokość wynosi 80 cm, szerokość 11 cm, a długość 1 cm. Takie dane umożliwiają sprawdzenie dostępnego miejsca jeszcze przed rozpoczęciem prac.</p> <h2>Blacha montażowa BMN-80 — jak dobrać właściwy wariant?</h2> <p><strong>Blacha montażowa BMN-80</strong> powinna zostać uwzględniona na etapie rozrysowania aparatury i tras przewodów. Duży format pozwala rozmieścić elementy na wydzielonej powierzchni, ale sam w sobie nie określa dopuszczalnego wyposażenia. Kluczowe pozostają zgodność z obudową STN-80, rozstaw mocowań i wymagane odstępy instalacyjne.</p> <h3>Najważniejsze zalety</h3> <ul> <li>format przeznaczony do obudów STN-80,</li> <li>wysokość 80 cm przydatna przy rozbudowanym układzie wnętrza,</li> <li>znane trzy wymiary umożliwiające kontrolę gabarytów,</li> <li>model BMN-80 i kod INC-10084 ułatwiające identyfikację.</li> </ul> <h3>Specyfikacja techniczna</h3> <ul> <li><strong>Rodzaj:</strong> blacha montażowa</li> <li><strong>Model:</strong> BMN-80</li> <li><strong>Do obudowy:</strong> STN-80</li> <li><strong>Długość:</strong> 1 cm</li> <li><strong>Szerokość:</strong> 11 cm</li> <li><strong>Wysokość:</strong> 80 cm</li> <li><strong>Marka:</strong> Incobex</li> </ul> <h3>Najczęstsze pytania</h3> <p><strong>Czy 80 cm oznacza wysokość części?</strong><br>Taką wartość podano w kolumnie wysokości w przygotowanym zestawieniu.</p> <p><strong>Czy blacha zapewnia szczelność obudowy?</strong><br>Nie. Jest elementem wewnętrznym, a stopień ochrony zależy od kompletnej obudowy i jej montażu.</p> <p><strong>Jak potwierdzić dopasowanie?</strong><br>Porównaj oznaczenie STN-80, kod INC-10084 oraz rysunek techniczny obudowy.</p> <p>Wybierz BMN-80, jeśli projekt wymaga dużej powierzchni montażowej dla obudowy STN-80 i gabaryty 1 × 11 × 80 cm są właściwe. Przed montażem sprawdź położenie wszystkich punktów mocujących.</p> <script type="application/ld+json"> { "@context": "https://schema.org", "@type": "FAQPage", "mainEntity": [ { "@type": "Question", "name": "Czy 80 cm oznacza wysokość części?", "acceptedAnswer": { "@type": "Answer", "text": "Taką wartość podano w kolumnie wysokości w przygotowanym zestawieniu." } }, { "@type": "Question", "name": "Czy blacha zapewnia szczelność obudowy?", "acceptedAnswer": { "@type": "Answer", "text": "Nie. Jest elementem wewnętrznym, a stopień ochrony zależy od kompletnej obudowy i jej montażu." } }, { "@type": "Question", "name": "Jak potwierdzić dopasowanie?", "acceptedAnswer": { "@type": "Answer", "text": "Porównaj oznaczenie STN-80, kod INC-10084 oraz rysunek techniczny obudowy." } } ] } </script> | E9: 1615 | F9: 3 | G9: OK | H9: Opis zgodny ze strukturą i regułami frazy. Atrybuty źródłowe oznaczone jako OK.
A10: INC-00400/INC | B10: Wkładka do zamka WZ-KP 1333 z kluczem Incobex INC-00400 | C10: Wkładka do zamka WZ-KP 1333 | D10: <p><strong>Wkładka do zamka WZ-KP 1333 z kluczem Incobex INC-00400</strong> jest wymiennym elementem zamknięcia przeznaczonym do odpowiednio zgodnego mechanizmu. W zestawieniu produkt występuje razem z kluczem, co jest istotne przy kompletowaniu dostępu do obudowy. Wymiary wkładki wynoszą 4 × 3,3 × 1,7 cm.</p> <h2>Wkładka do zamka WZ-KP 1333 — kiedy wybrać ten wariant?</h2> <p><strong>Wkładka do zamka WZ-KP 1333</strong> pozwala odtworzyć lub przygotować punkt zamykania, jeśli zamek obsługuje właśnie ten wariant. Przed zakupem należy porównać nie tylko gabaryty, lecz także oznaczenie mechanizmu i sposób osadzenia. Dołączony klucz umożliwia obsługę wkładki po prawidłowym montażu.</p> <h3>Najważniejsze zalety</h3> <ul> <li>wkładka oferowana z kluczem,</li> <li>konkretne oznaczenie WZ-KP 1333 ułatwiające dobór,</li> <li>niewielkie wymiary możliwe do sprawdzenia przed montażem,</li> <li>kod INC-00400 jednoznacznie identyfikujący część.</li> </ul> <h3>Specyfikacja techniczna</h3> <ul> <li><strong>Typ:</strong> wkładka do zamka</li> <li><strong>Model:</strong> WZ-KP 1333</li> <li><strong>Wyposażenie:</strong> klucz</li> <li><strong>Wymiary:</strong> 4 × 3,3 × 1,7 cm</li> <li><strong>Kod:</strong> INC-00400/INC</li> <li><strong>Producent:</strong> Incobex</li> </ul> <h3>Najczęstsze pytania</h3> <p><strong>Czy wkładka pasuje do każdego zamka?</strong><br>Nie można tego założyć. Należy potwierdzić zgodność z oznaczeniem WZ-KP 1333 i konstrukcją zamka.</p> <p><strong>Czy klucz jest uwzględniony?</strong><br>Tak, informacja „z kluczem” znajduje się w nazwie produktu.</p> <p><strong>Czy wkładka ma własny stopień IP?</strong><br>Nie. Stopień ochrony dotyczy kompletnej obudowy z prawidłowo zamontowanymi elementami.</p> <p>WZ-KP 1333 wybierz jako część zamienną lub wyposażenie tylko po potwierdzeniu zgodności mechanicznej. Sprawdzenie oznaczenia oraz wymiarów ogranicza ryzyko niedopasowania.</p> <script type="application/ld+json"> { "@context": "https://schema.org", "@type": "FAQPage", "mainEntity": [ { "@type": "Question", "name": "Czy wkładka pasuje do każdego zamka?", "acceptedAnswer": { "@type": "Answer", "text": "Nie można tego założyć. Należy potwierdzić zgodność z oznaczeniem WZ-KP 1333 i konstrukcją zamka." } }, { "@type": "Question", "name": "Czy klucz jest uwzględniony?", "acceptedAnswer": { "@type": "Answer", "text": "Tak, informacja „z kluczem” znajduje się w nazwie produktu." } }, { "@type": "Question", "name": "Czy wkładka ma własny stopień IP?", "acceptedAnswer": { "@type": "Answer", "text": "Nie. Stopień ochrony dotyczy kompletnej obudowy z prawidłowo zamontowanymi elementami." } } ] } </script> | E10: 1527 | F10: 3 | G10: OK | H10: Opis zgodny ze strukturą i regułami frazy. Atrybuty źródłowe oznaczone jako OK.
A11: INC-10160N/INC | B11: Wkładka do zamka bębenkowa niepowtarzalna WRS-K Incobex INC-10160N | C11: Wkładka do zamka bębenkowa niepowtarzalna WRS-K | D11: <p><strong>Wkładka do zamka bębenkowa niepowtarzalna WRS-K Incobex INC-10160N</strong> jest wariantem zamknięcia przeznaczonym do indywidualnego sposobu dostępu. Określenie „niepowtarzalna” odróżnia ją od wersji powtarzalnej występującej w tej samej rodzinie. Gabaryty 4 × 3,3 × 1,7 cm należy zestawić z miejscem montażu i typem zamka.</p> <h2>Wkładka do zamka bębenkowa niepowtarzalna WRS-K — co wyróżnia ten model?</h2> <p><strong>Wkładka do zamka bębenkowa niepowtarzalna WRS-K</strong> jest przeznaczona do sytuacji, w której wymagana jest identyfikacja konkretnego zamknięcia, a nie obsługa wielu wkładek jednym powtarzalnym rozwiązaniem. Zakres dostawy kluczy i szczegóły systemu kodowania trzeba potwierdzić przed zamówieniem. Samo oznaczenie N w kodzie pomaga rozróżnić wariant podczas kompletacji.</p> <h3>Najważniejsze zalety</h3> <ul> <li>niepowtarzalny wariant zamknięcia opisany w nazwie,</li> <li>bębenkowa konstrukcja wkładki WRS-K,</li> <li>znane wymiary ułatwiające kontrolę miejsca montażowego,</li> <li>kod INC-10160N odróżniający wersję od modelu powtarzalnego.</li> </ul> <h3>Specyfikacja techniczna</h3> <ul> <li><strong>Rodzaj:</strong> wkładka bębenkowa do zamka</li> <li><strong>System:</strong> WRS-K</li> <li><strong>Wariant:</strong> niepowtarzalny</li> <li><strong>Długość:</strong> 4 cm</li> <li><strong>Szerokość:</strong> 3,3 cm</li> <li><strong>Wysokość:</strong> 1,7 cm</li> <li><strong>Producent:</strong> Incobex</li> </ul> <h3>Najczęstsze pytania</h3> <p><strong>Czym różni się od wersji powtarzalnej?</strong><br>Ten wariant opisano jako niepowtarzalny, dlatego nie należy zamieniać go z modelem oznaczonym jako powtarzalny.</p> <p><strong>Czy klucz znajduje się w komplecie?</strong><br>Dostępne dane nie potwierdzają zawartości zestawu. Zakres dostawy trzeba sprawdzić u sprzedawcy.</p> <p><strong>Jak dobrać wkładkę?</strong><br>Porównaj system WRS-K, wymiary, sposób mocowania i wymagany wariant dostępu.</p> <p>Wersję INC-10160N wybierz tam, gdzie projekt przewiduje niepowtarzalną wkładkę WRS-K. Przed zakupem potwierdź zgodność zamka oraz liczbę dostarczanych kluczy.</p> <script type="application/ld+json"> { "@context": "https://schema.org", "@type": "FAQPage", "mainEntity": [ { "@type": "Question", "name": "Czym różni się od wersji powtarzalnej?", "acceptedAnswer": { "@type": "Answer", "text": "Ten wariant opisano jako niepowtarzalny, dlatego nie należy zamieniać go z modelem oznaczonym jako powtarzalny." } }, { "@type": "Question", "name": "Czy klucz znajduje się w komplecie?", "acceptedAnswer": { "@type": "Answer", "text": "Dostępne dane nie potwierdzają zawartości zestawu. Zakres dostawy trzeba sprawdzić u sprzedawcy." } }, { "@type": "Question", "name": "Jak dobrać wkładkę?", "acceptedAnswer": { "@type": "Answer", "text": "Porównaj system WRS-K, wymiary, sposób mocowania i wymagany wariant dostępu." } } ] } </script> | E11: 1704 | F11: 3 | G11: OK | H11: Opis zgodny ze strukturą i regułami frazy. Atrybuty źródłowe oznaczone jako OK.
A12: INC-10160P/INC | B12: Wkładka do zamka powtarzalna 32288 WRS-K Incobex INC-10160P | C12: Wkładka do zamka powtarzalna 32288 WRS-K | D12: <p><strong>Wkładka do zamka powtarzalna 32288 WRS-K Incobex INC-10160P</strong> jest bębenkowym elementem zamknięcia oznaczonym jako wariant powtarzalny. Numer 32288 pozwala rozpoznać właściwy system przy doborze części. Wymiary 4 × 3,3 × 1,7 cm pomagają ocenić zgodność z przygotowanym miejscem.</p> <h2>Wkładka do zamka powtarzalna 32288 WRS-K — jak dobrać właściwy wariant?</h2> <p><strong>Wkładka do zamka powtarzalna 32288 WRS-K</strong> jest wybierana wtedy, gdy w instalacji przewidziano właśnie powtarzalny wariant o tym oznaczeniu. Taka identyfikacja ma znaczenie przy planowaniu dostępu do kilku punktów, jednak liczby obsługiwanych zamków ani zakresu kluczy nie należy zakładać bez dokumentacji. Kod INC-10160P powinien zgadzać się z zamówieniem.</p> <h3>Najważniejsze zalety</h3> <ul> <li>jasno określony wariant powtarzalny,</li> <li>numer 32288 i oznaczenie WRS-K ułatwiające identyfikację,</li> <li>kompaktowe wymiary podane w trzech osiach,</li> <li>litera P w kodzie pomagająca odróżnić model od wersji niepowtarzalnej.</li> </ul> <h3>Specyfikacja techniczna</h3> <ul> <li><strong>Produkt:</strong> wkładka do zamka</li> <li><strong>Oznaczenie systemu:</strong> 32288 WRS-K</li> <li><strong>Wykonanie:</strong> powtarzalne</li> <li><strong>Wymiary (dł. × szer. × wys.):</strong> 4 × 3,3 × 1,7 cm</li> <li><strong>Kod produktu:</strong> INC-10160P/INC</li> <li><strong>Marka:</strong> Incobex</li> </ul> <h3>Najczęstsze pytania</h3> <p><strong>Co oznacza „powtarzalna”?</strong><br>Jest to cecha wariantu zamknięcia. Dokładny sposób współpracy kluczy i wkładek należy potwierdzić dla systemu 32288.</p> <p><strong>Czy można zastąpić nią wersję N?</strong><br>Nie bez potwierdzenia. Warianty P i N mają inne przeznaczenie w organizacji dostępu.</p> <p><strong>Czy podany rozmiar gwarantuje dopasowanie?</strong><br>Nie. Oprócz wymiarów trzeba sprawdzić profil i sposób mocowania wkładki.</p> <p>Model INC-10160P wybierz, jeśli potrzebna jest powtarzalna wkładka WRS-K 32288 i zgodność potwierdza dokumentacja zamka. Zweryfikuj również zawartość zestawu przed zakupem.</p> <script type="application/ld+json"> { "@context": "https://schema.org", "@type": "FAQPage", "mainEntity": [ { "@type": "Question", "name": "Co oznacza „powtarzalna”?", "acceptedAnswer": { "@type": "Answer", "text": "Jest to cecha wariantu zamknięcia. Dokładny sposób współpracy kluczy i wkładek należy potwierdzić dla systemu 32288." } }, { "@type": "Question", "name": "Czy można zastąpić nią wersję N?", "acceptedAnswer": { "@type": "Answer", "text": "Nie bez potwierdzenia. Warianty P i N mają inne przeznaczenie w organizacji dostępu." } }, { "@type": "Question", "name": "Czy podany rozmiar gwarantuje dopasowanie?", "acceptedAnswer": { "@type": "Answer", "text": "Nie. Oprócz wymiarów trzeba sprawdzić profil i sposób mocowania wkładki." } } ] } </script> | E12: 1700 | F12: 3 | G12: OK | H12: Opis zgodny ze strukturą i regułami frazy. Atrybuty źródłowe oznaczone jako OK.
A13: INC-20250/INC | B13: Płyta izolacyjna gr. 4mm PMN 23x36 do obudowy STN Incobex INC-20250 | C13: Płyta izolacyjna gr. 4mm PMN 23x36 | D13: <p><strong>Płyta izolacyjna gr. 4mm PMN 23x36 do obudowy STN Incobex INC-20250</strong> jest elementem o grubości 4 mm przeznaczonym do zastosowania wewnątrz zgodnej obudowy. Format 23 × 36 cm określa jej powierzchnię, a 0,4 cm odpowiada podanej grubości. Płyta stanowi odrębny komponent i nie ma własnego stopnia ochrony IP.</p> <h2>Płyta izolacyjna gr. 4mm PMN 23x36 — do czego służy?</h2> <p><strong>Płyta izolacyjna gr. 4mm PMN 23x36</strong> tworzy wydzieloną powierzchnię w układzie obudowy STN, którą należy wykorzystać zgodnie z projektem elektrycznym. Jej wymiary pomagają sprawdzić, czy pasuje do wybranego formatu wnętrza. Sposób mocowania, dopuszczalne obciążenie oraz rozmieszczenie aparatury wymagają potwierdzenia w dokumentacji.</p> <h3>Najważniejsze zalety</h3> <ul> <li>grubość 4 mm podana bezpośrednio w nazwie,</li> <li>format 23 × 36 cm łatwy do porównania z projektem,</li> <li>przeznaczenie do obudów z rodziny STN,</li> <li>kod INC-20250 pozwalający rozpoznać właściwy rozmiar.</li> </ul> <h3>Specyfikacja techniczna</h3> <ul> <li><strong>Typ:</strong> płyta izolacyjna</li> <li><strong>Seria:</strong> PMN</li> <li><strong>Grubość:</strong> 4 mm</li> <li><strong>Szerokość:</strong> 36 cm</li> <li><strong>Wysokość:</strong> 23 cm</li> <li><strong>Przeznaczenie:</strong> obudowa STN</li> <li><strong>Producent:</strong> Incobex</li> </ul> <h3>Najczęstsze pytania</h3> <p><strong>Czy płyta pasuje do każdej obudowy STN?</strong><br>Nie należy tego zakładać. Trzeba porównać format 23 × 36 cm i punkty mocowania.</p> <p><strong>Czy 0,4 cm oznacza grubość?</strong><br>Tak, odpowiada to wartości 4 mm podanej w nazwie produktu.</p> <p><strong>Czy płyta jest kompletna z aparaturą?</strong><br>Nie ma takiej informacji. Pozycja dotyczy płyty izolacyjnej jako osobnego elementu.</p> <p>Wybierz ten wariant, gdy projekt obudowy STN wymaga płyty PMN o formacie 23 × 36 cm i grubości 4 mm. Przed montażem zweryfikuj rozstaw mocowań.</p> <script type="application/ld+json"> { "@context": "https://schema.org", "@type": "FAQPage", "mainEntity": [ { "@type": "Question", "name": "Czy płyta pasuje do każdej obudowy STN?", "acceptedAnswer": { "@type": "Answer", "text": "Nie należy tego zakładać. Trzeba porównać format 23 × 36 cm i punkty mocowania." } }, { "@type": "Question", "name": "Czy 0,4 cm oznacza grubość?", "acceptedAnswer": { "@type": "Answer", "text": "Tak, odpowiada to wartości 4 mm podanej w nazwie produktu." } }, { "@type": "Question", "name": "Czy płyta jest kompletna z aparaturą?", "acceptedAnswer": { "@type": "Answer", "text": "Nie ma takiej informacji. Pozycja dotyczy płyty izolacyjnej jako osobnego elementu." } } ] } </script> | E13: 1542 | F13: 3 | G13: OK | H13: Opis zgodny ze strukturą i regułami frazy. Atrybuty źródłowe oznaczone jako OK.
... A59: W6020-0225-003/INC | B59: Rozdielnica budowlana 4x230V+1x32A/5+1x16A/5 Incobex W6020-0225-003 | C59: Rozdzielnica budowlana 4x230V+1x32A/5+1x16A/5 | D59: <p><strong>Rozdzielnica budowlana 4x230V+1x32A/5+1x16A/5 Incobex W6020-0225-003</strong> oferuje konfigurację wskazaną w nazwie: cztery punkty 230 V oraz po jednym wyjściu oznaczonym 32A/5 i 16A/5. Umożliwia skupienie kilku odbiorów w jednym punkcie rozdziału. Stopień ochrony wynosi IP44, natomiast gabaryty nie zostały potwierdzone.</p> <h2>Rozdzielnica budowlana 4x230V+1x32A/5+1x16A/5 — jak dobrać właściwy wariant?</h2> <p><strong>Rozdzielnica budowlana 4x230V+1x32A/5+1x16A/5</strong> powinna odpowiadać zapotrzebowaniu odbiorników i możliwościom źródła zasilania. Liczba wyjść nie oznacza, że wszystkie można obciążyć jednocześnie wartościami wynikającymi z ich oznaczeń. Dopuszczalne obciążenie, zabezpieczenia oraz schemat trzeba sprawdzić dla kodu W6020-0225-003.</p> <h3>Najważniejsze zalety</h3> <ul> <li>cztery wyjścia 230 V wymienione w konfiguracji,</li> <li>dodatkowe oznaczenia 32A/5 i 16A/5,</li> <li>stopień ochrony IP44,</li> <li>jeden punkt rozdziału dla kilku rodzajów odbiorów.</li> </ul> <h3>Specyfikacja techniczna</h3> <ul> <li><strong>Typ:</strong> rozdzielnica budowlana</li> <li><strong>Konfiguracja:</strong> 4 × 230 V + 1 × 32A/5 + 1 × 16A/5</li> <li><strong>Stopień ochrony:</strong> IP44</li> <li><strong>Kod:</strong> W6020-0225-003/INC</li> <li><strong>Wymiary:</strong> niepotwierdzone w cenniku</li> <li><strong>Producent:</strong> Incobex</li> </ul> <h3>Najczęstsze pytania</h3> <p><strong>Czy wszystkie wyjścia mogą pracować jednocześnie?</strong><br>Zależy to od parametrów wejścia, zabezpieczeń i dopuszczalnego obciążenia rozdzielnicy.</p> <p><strong>Czy konfiguracja zawiera cztery gniazda 230 V?</strong><br>Nazwa wskazuje 4 × 230 V; dokładny typ wykonania należy potwierdzić w dokumentacji.</p> <p><strong>Dlaczego potrzebna jest weryfikacja wymiarów?</strong><br>Pozycji nie dopasowano do wymiarów w cenniku, dlatego gabaryty pozostawiono puste.</p> <p>Model W6020-0225-003 wybierz, gdy wymagana jest dokładnie podana konfiguracja i IP44. Przed podłączeniem potwierdź schemat, obciążalność oraz wymiary urządzenia.</p> <script type="application/ld+json"> { "@context": "https://schema.org", "@type": "FAQPage", "mainEntity": [ { "@type": "Question", "name": "Czy wszystkie wyjścia mogą pracować jednocześnie?", "acceptedAnswer": { "@type": "Answer", "text": "Zależy to od parametrów wejścia, zabezpieczeń i dopuszczalnego obciążenia rozdzielnicy." } }, { "@type": "Question", "name": "Czy konfiguracja zawiera cztery gniazda 230 V?", "acceptedAnswer": { "@type": "Answer", "text": "Nazwa wskazuje 4 × 230 V; dokładny typ wykonania należy potwierdzić w dokumentacji." } }, { "@type": "Question", "name": "Dlaczego potrzebna jest weryfikacja wymiarów?", "acceptedAnswer": { "@type": "Answer", "text": "Pozycji nie dopasowano do wymiarów w cenniku, dlatego gabaryty pozostawiono puste." } } ] } </script> | E59: 1678 | F59: 3 | G59: DO_WERYFIKACJI | H59: Opis zgodny ze strukturą i regułami frazy. Dane źródłowe nie zawierają potwierdzonych wymiarów lub wymagają kontroli kodu.

Sheet Warianty
A1: Kod | B1: Tytuł | C1: Typ wpisu | D1: Tag | E1: Grupa wariantów | F1: Atrybut rozróżniający | G1: Wartość wariantu | H1: Liczba w grupie | I1: Status grupowania | J1: Uwagi
A2: AK-20109/INC | B2: Szyna PEN N-40 Incobex AK-20109 | C2: Produkt pojedynczy | D2: incobex-single-ak-20109 | E2: Szyna PEN N-40 | F2: Brak potwierdzonego atrybutu | G2: AK-20109 | H2: 1 | I2: DO_WERYFIKACJI | J2: Nie łączyć automatycznie: tytuły nie potwierdzają różnicy między pozycjami, a część kodów w tytule nie zgadza się z kolumną Kod.
A3: AK-20111/INC | B3: Szyna PEN N-40 Incobex AK-20110 | C3: Produkt pojedynczy | D3: incobex-single-ak-20111 | E3: Szyna PEN N-40 | F3: Brak potwierdzonego atrybutu | G3: AK-20111 | H3: 1 | I3: DO_WERYFIKACJI | J3: Nie łączyć automatycznie: tytuły nie potwierdzają różnicy między pozycjami, a część kodów w tytule nie zgadza się z kolumną Kod.
A4: AK-20113/INC | B4: Szyna PEN N-40 Incobex AK-20111 | C4: Produkt pojedynczy | D4: incobex-single-ak-20113 | E4: Szyna PEN N-40 | F4: Brak potwierdzonego atrybutu | G4: AK-20113 | H4: 1 | I4: DO_WERYFIKACJI | J4: Nie łączyć automatycznie: tytuły nie potwierdzają różnicy między pozycjami, a część kodów w tytule nie zgadza się z kolumną Kod.
A5: INC-10080/INC | B5: Blacha montażowa BMN-26 do obudów STN-26 Incobex INC-10080 | C5: Wariant | D5: incobex-bmn | E5: Blacha montażowa BMN do obudów STN | F5: Rozmiar kompatybilnej obudowy | G5: BMN-26 / STN-26 | H5: 5 | I5: OK | J5: Wspólny tag łączy rodzinę BMN; wariant wybierany według rozmiaru obudowy STN.
A6: INC-10081/INC | B6: Blacha montażowa BMN-40 do obudów STN-40 Incobex INC-10081 | C6: Wariant | D6: incobex-bmn | E6: Blacha montażowa BMN do obudów STN | F6: Rozmiar kompatybilnej obudowy | G6: BMN-40 / STN-40 | H6: 5 | I6: OK | J6: Wspólny tag łączy rodzinę BMN; wariant wybierany według rozmiaru obudowy STN.
A7: INC-10082/INC | B7: Blacha montażowa BMN-53 do obudów STN-53 Incobex INC-10082 | C7: Wariant | D7: incobex-bmn | E7: Blacha montażowa BMN do obudów STN | F7: Rozmiar kompatybilnej obudowy | G7: BMN-53 / STN-53 | H7: 5 | I7: OK | J7: Wspólny tag łączy rodzinę BMN; wariant wybierany według rozmiaru obudowy STN.
A8: INC-10083/INC | B8: Blacha montażowa BMN-66 do obudów STN-66 Incobex INC-10083 | C8: Wariant | D8: incobex-bmn | E8: Blacha montażowa BMN do obudów STN | F8: Rozmiar kompatybilnej obudowy | G8: BMN-66 / STN-66 | H8: 5 | I8: OK | J8: Wspólny tag łączy rodzinę BMN; wariant wybierany według rozmiaru obudowy STN.
A9: INC-10084/INC | B9: Blacha montażowa BMN-80 do obudów STN-80 Incobex INC-10084 | C9: Wariant | D9: incobex-bmn | E9: Blacha montażowa BMN do obudów STN | F9: Rozmiar kompatybilnej obudowy | G9: BMN-80 / STN-80 | H9: 5 | I9: OK | J9: Wspólny tag łączy rodzinę BMN; wariant wybierany według rozmiaru obudowy STN.
A10: INC-00400/INC | B10: Wkładka do zamka WZ-KP 1333 z kluczem Incobex INC-00400 | C10: Produkt pojedynczy | D10: incobex-single-inc-00400 | E10: Wkładka do zamka WZ-KP 1333 | F10: Brak — produkt pojedynczy | G10: WZ-KP 1333 z kluczem | H10: 1 | I10: OK | J10: Brak drugiej pozycji o potwierdzonej zgodności wariantowej.
A11: INC-10160N/INC | B11: Wkładka do zamka bębenkowa niepowtarzalna WRS-K Incobex INC-10160N | C11: Wariant | D11: incobex-wrs-k | E11: Wkładka bębenkowa WRS-K | F11: Powtarzalność zamknięcia | G11: Niepowtarzalna | H11: 2 | I11: OK | J11: Wspólny tag łączy wkładki WRS-K; wariant rozróżnia sposób identyfikacji klucza.
A12: INC-10160P/INC | B12: Wkładka do zamka powtarzalna 32288 WRS-K Incobex INC-10160P | C12: Wariant | D12: incobex-wrs-k | E12: Wkładka bębenkowa WRS-K | F12: Powtarzalność zamknięcia | G12: Powtarzalna — numer 32288 | H12: 2 | I12: OK | J12: Wspólny tag łączy wkładki WRS-K; wariant rozróżnia sposób identyfikacji klucza.
A13: INC-20250/INC | B13: Płyta izolacyjna gr. 4mm PMN 23x36 do obudowy STN Incobex INC-20250 | C13: Wariant | D13: incobex-pmn-4mm | E13: Płyta izolacyjna PMN, grubość 4 mm | F13: Format płyty | G13: 23 × 36 cm | H13: 10 | I13: OK | J13: Wspólny tag łączy płyty PMN; wariant wybierany według formatu płyty.
... A59: W6020-0225-003/INC | B59: Rozdielnica budowlana 4x230V+1x32A/5+1x16A/5 Incobex W6020-0225-003 | C59: Wariant proponowany | D59: incobex-rozdzielnica-budowlana | E59: Rozdzielnica budowlana Incobex | F59: Konfiguracja gniazd / model | G59: 4 × 230V+1 × 32A/5+1 × 16A/5 | H59: 3 | I59: DO_WERYFIKACJI | J59: Rodzina wariantowa jest propozycją na podstawie tytułów. Przed importem potwierdź, że różne modele mogą mieć jedną wspólną kartę produktu.
